{"cameraMode":{"drawMode":0,"name":"Shaded","section":"Shading Mode"},"sceneLighting":true,"audioPlay":false,"sceneViewState":{"m_AlwaysRefresh":false,"showFog":true,"showSkybox":true,"showFlares":true,"showImageEffects":true,"showParticleSystems":true,"showVisualEffectGraphs":true,"m_FxEnabled":true},"in2DMode":false,"pivot":{"x":0.3343219757080078,"y":-2.9815077781677248,"z":21.00650978088379},"rotation":{"x":-0.20108133554458619,"y":0.7229126691818237,"z":-0.23532100021839143,"w":-0.6177279949188232},"size":16.565223693847658,"orthographic":false}